User_ID,Price_Offered,Converted,Revenue
1,15,0,0
2,10,0,0
3,5,0,0
4,5,1,5
5,10,0,0
6,5,0,0
7,10,0,0
8,10,0,0
9,10,0,0
10,10,0,0
11,10,0,0
12,5,0,0
13,10,0,0
14,10,0,0
15,5,0,0
16,10,0,0
17,10,0,0
18,10,0,0
19,10,0,0
20,15,1,15
21,10,1,10
22,10,0,0
23,10,0,0
24,15,0,0
25,10,0,0
26,10,0,0
27,5,0,0
28,15,0,0
29,10,0,0
30,10,0,0
31,5,1,5
32,15,0,0
33,10,1,10
34,10,0,0
35,5,1,5
36,10,0,0
37,10,0,0
38,15,0,0
39,15,0,0
40,15,0,0
41,5,0,0
42,10,0,0
43,10,0,0
44,10,0,0
45,15,0,0
46,15,0,0
47,5,0,0
48,10,1,10
49,5,0,0
50,10,0,0
51,5,0,0
52,15,0,0
53,5,0,0
54,10,0,0
55,10,0,0
56,10,0,0
57,10,1,10
58,10,0,0
59,15,0,0
60,10,0,0
61,10,0,0
62,15,0,0
63,15,0,0
64,5,0,0
65,15,0,0
66,10,0,0
67,10,0,0
68,15,0,0
69,10,0,0
70,5,0,0
71,5,0,0
72,5,0,0
73,10,0,0
74,5,1,5
75,15,0,0
76,15,0,0
77,5,0,0
78,15,0,0
79,10,0,0
80,10,0,0
81,5,0,0
82,15,0,0
83,15,0,0
84,10,1,10
85,5,1,5
86,10,0,0
87,5,0,0
88,15,0,0
89,5,0,0
90,10,0,0
91,5,0,0
92,15,0,0
93,5,0,0
94,15,0,0
95,10,0,0
96,10,0,0
97,5,0,0
98,15,0,0
99,5,0,0
100,10,0,0
101,15,0,0
102,5,0,0
103,5,0,0
104,15,0,0
105,10,0,0
106,5,0,0
107,5,0,0
108,15,0,0
109,15,0,0
110,15,0,0
111,10,0,0
112,15,0,0
113,10,0,0
114,5,0,0
115,10,0,0
116,5,0,0
117,10,1,10
118,5,0,0
119,10,0,0
120,5,0,0
121,10,1,10
122,5,0,0
123,5,0,0
124,15,0,0
125,5,0,0
126,5,0,0
127,15,0,0
128,15,0,0
129,10,0,0
130,10,0,0
131,15,0,0
132,5,0,0
133,15,0,0
134,5,0,0
135,10,0,0
136,10,0,0
137,10,0,0
138,15,0,0
139,15,0,0
140,10,1,10
141,10,0,0
142,15,0,0
143,15,0,0
144,5,0,0
145,5,1,5
146,10,0,0
147,10,0,0
148,5,0,0
149,10,1,10
150,5,0,0
151,5,1,5
152,5,0,0
153,15,0,0
154,15,0,0
155,10,0,0
156,15,0,0
157,5,0,0
158,5,1,5
159,10,0,0
160,15,0,0
161,15,0,0
162,15,1,15
163,10,0,0
164,10,0,0
165,15,0,0
166,5,0,0
167,15,0,0
168,5,0,0
169,5,0,0
170,10,0,0
171,5,1,5
172,5,1,5
173,10,0,0
174,5,0,0
175,10,0,0
176,10,0,0
177,5,0,0
178,10,0,0
179,10,0,0
180,15,0,0
181,10,1,10
182,10,1,10
183,5,1,5
184,15,0,0
185,15,0,0
186,15,0,0
187,5,1,5
188,15,0,0
189,5,0,0
190,15,0,0
191,5,0,0
192,10,0,0
193,5,0,0
194,10,0,0
195,5,0,0
196,5,0,0
197,15,0,0
198,10,0,0
199,15,1,15
200,10,0,0
201,15,0,0
202,10,0,0
203,10,0,0
204,5,0,0
205,10,0,0
206,15,0,0
207,10,0,0
208,10,0,0
209,10,0,0
210,5,0,0
211,15,0,0
212,10,0,0
213,15,0,0
214,5,1,5
215,5,0,0
216,10,1,10
217,10,0,0
218,10,0,0
219,10,0,0
220,10,0,0
221,10,0,0
222,10,0,0
223,15,0,0
224,15,0,0
225,15,0,0
226,5,0,0
227,10,0,0
228,10,0,0
229,10,0,0
230,5,0,0
231,10,0,0
232,10,0,0
233,15,0,0
234,10,0,0
235,5,0,0
236,5,0,0
237,10,0,0
238,10,0,0
239,10,0,0
240,10,0,0
241,5,0,0
242,15,0,0
243,10,0,0
244,10,1,10
245,5,0,0
246,10,1,10
247,10,0,0
248,10,0,0
249,10,0,0
250,5,0,0
251,5,0,0
252,10,1,10
253,5,1,5
254,15,1,15
255,10,0,0
256,15,0,0
257,15,0,0
258,15,1,15
259,5,1,5
260,15,0,0
261,10,0,0
262,10,0,0
263,10,0,0
264,5,0,0
265,5,1,5
266,10,0,0
267,15,0,0
268,10,0,0
269,10,0,0
270,10,0,0
271,15,0,0
272,10,0,0
273,10,1,10
274,10,0,0
275,5,0,0
276,5,0,0
277,15,0,0
278,5,0,0
279,5,0,0
280,5,0,0
281,15,1,15
282,10,0,0
283,5,0,0
284,5,1,5
285,5,0,0
286,10,0,0
287,10,1,10
288,5,0,0
289,5,0,0
290,10,1,10
291,15,0,0
292,10,0,0
293,15,0,0
294,10,0,0
295,15,0,0
296,10,1,10
297,15,0,0
298,15,0,0
299,5,0,0
300,10,1,10
301,10,1,10
302,5,1,5
303,10,0,0
304,10,0,0
305,10,1,10
306,5,1,5
307,15,0,0
308,10,0,0
309,10,0,0
310,10,0,0
311,10,0,0
312,15,0,0
313,10,0,0
314,15,0,0
315,15,0,0
316,15,0,0
317,10,0,0
318,15,0,0
319,10,0,0
320,15,0,0
321,15,0,0
322,5,0,0
323,5,0,0
324,5,0,0
325,15,0,0
326,10,0,0
327,15,1,15
328,10,0,0
329,5,0,0
330,5,0,0
331,15,0,0
332,15,0,0
333,15,0,0
334,15,0,0
335,5,0,0
336,10,0,0
337,5,1,5
338,10,0,0
339,10,0,0
340,5,0,0
341,10,0,0
342,10,0,0
343,10,1,10
344,10,0,0
345,15,0,0
346,15,0,0
347,5,0,0
348,15,0,0
349,10,1,10
350,15,0,0
351,10,0,0
352,10,1,10
353,10,0,0
354,10,0,0
355,10,0,0
356,10,0,0
357,15,0,0
358,10,0,0
359,15,0,0
360,10,0,0
361,15,0,0
362,10,0,0
363,10,1,10
364,15,0,0
365,10,0,0
366,5,0,0
367,10,0,0
368,10,1,10
369,5,0,0
370,10,1,10
371,5,0,0
372,5,0,0
373,10,1,10
374,15,0,0
375,10,0,0
376,15,0,0
377,5,0,0
378,5,0,0
379,15,0,0
380,5,0,0
381,10,0,0
382,10,0,0
383,15,0,0
384,10,0,0
385,10,0,0
386,5,1,5
387,10,0,0
388,15,0,0
389,15,0,0
390,5,0,0
391,5,0,0
392,5,0,0
393,5,1,5
394,10,0,0
395,10,0,0
396,15,0,0
397,15,0,0
398,15,0,0
399,5,1,5
400,5,1,5
401,5,0,0
402,10,0,0
403,5,0,0
404,15,0,0
405,5,1,5
406,10,0,0
407,15,0,0
408,15,0,0
409,15,0,0
410,10,0,0
411,5,0,0
412,10,0,0
413,5,0,0
414,10,0,0
415,15,0,0
416,10,0,0
417,10,0,0
418,10,0,0
419,10,0,0
420,15,0,0
421,5,0,0
422,10,1,10
423,15,1,15
424,10,0,0
425,10,0,0
426,5,1,5
427,5,0,0
428,5,0,0
429,10,0,0
430,15,0,0
431,10,0,0
432,10,0,0
433,15,0,0
434,15,0,0
435,10,0,0
436,15,0,0
437,15,0,0
438,15,0,0
439,15,0,0
440,10,0,0
441,10,0,0
442,15,0,0
443,15,1,15
444,10,0,0
445,10,0,0
446,5,1,5
447,5,0,0
448,15,0,0
449,10,0,0
450,10,0,0
451,15,0,0
452,5,0,0
453,5,1,5
454,15,0,0
455,10,0,0
456,5,0,0
457,10,0,0
458,10,0,0
459,10,0,0
460,15,0,0
461,10,1,10
462,15,0,0
463,10,1,10
464,10,0,0
465,5,0,0
466,15,0,0
467,5,0,0
468,5,1,5
469,10,1,10
470,15,0,0
471,10,0,0
472,10,1,10
473,10,0,0
474,15,0,0
475,10,0,0
476,5,0,0
477,15,0,0
478,10,0,0
479,5,0,0
480,15,0,0
481,5,0,0
482,10,0,0
483,15,0,0
484,15,0,0
485,5,1,5
486,5,0,0
487,15,0,0
488,15,0,0
489,15,0,0
490,10,0,0
491,15,0,0
492,15,0,0
493,5,0,0
494,5,0,0
495,15,0,0
496,5,0,0
497,5,1,5
498,5,0,0
499,5,0,0
500,15,0,0
501,5,0,0
502,5,0,0
503,15,0,0
504,10,1,10
505,5,0,0
506,15,0,0
507,15,0,0
508,5,0,0
509,10,0,0
510,15,0,0
511,10,0,0
512,10,0,0
513,5,0,0
514,10,0,0
515,10,0,0
516,10,0,0
517,10,0,0
518,10,0,0
519,15,0,0
520,10,0,0
521,5,0,0
522,15,0,0
523,10,1,10
524,10,0,0
525,10,0,0
526,10,0,0
527,10,0,0
528,15,0,0
529,15,1,15
530,10,0,0
531,15,0,0
532,10,1,10
533,15,0,0
534,5,0,0
535,15,0,0
536,15,0,0
537,10,0,0
538,10,0,0
539,15,0,0
540,15,1,15
541,5,1,5
542,5,1,5
543,10,0,0
544,15,0,0
545,10,0,0
546,10,0,0
547,10,0,0
548,15,0,0
549,5,0,0
550,10,0,0
551,5,0,0
552,5,0,0
553,15,0,0
554,5,0,0
555,5,1,5
556,10,0,0
557,5,0,0
558,5,0,0
559,10,0,0
560,15,0,0
561,10,0,0
562,10,0,0
563,10,0,0
564,15,1,15
565,15,0,0
566,10,0,0
567,10,0,0
568,15,0,0
569,5,1,5
570,10,0,0
571,5,0,0
572,15,0,0
573,10,0,0
574,10,0,0
575,15,0,0
576,10,0,0
577,10,0,0
578,15,0,0
579,15,0,0
580,10,1,10
581,5,0,0
582,15,0,0
583,5,0,0
584,15,0,0
585,15,0,0
586,10,1,10
587,10,0,0
588,10,0,0
589,5,0,0
590,5,0,0
591,10,1,10
592,10,0,0
593,10,1,10
594,15,0,0
595,15,0,0
596,15,0,0
597,15,1,15
598,15,0,0
599,5,0,0
600,15,0,0
601,10,0,0
602,10,1,10
603,5,1,5
604,10,1,10
605,10,1,10
606,10,0,0
607,5,0,0
608,5,0,0
609,5,0,0
610,5,0,0
611,5,0,0
612,10,1,10
613,15,0,0
614,15,0,0
615,10,0,0
616,5,0,0
617,10,0,0
618,5,0,0
619,10,0,0
620,5,0,0
621,5,1,5
622,10,0,0
623,10,0,0
624,10,0,0
625,5,0,0
626,10,0,0
627,5,1,5
628,5,0,0
629,15,0,0
630,15,0,0
631,10,0,0
632,15,1,15
633,5,1,5
634,5,1,5
635,5,0,0
636,5,1,5
637,15,0,0
638,15,0,0
639,5,1,5
640,15,0,0
641,10,0,0
642,5,0,0
643,15,0,0
644,10,0,0
645,10,0,0
646,15,0,0
647,10,0,0
648,15,0,0
649,15,0,0
650,15,0,0
651,10,0,0
652,15,1,15
653,10,0,0
654,15,0,0
655,5,0,0
656,15,0,0
657,15,0,0
658,15,0,0
659,5,0,0
660,10,0,0
661,10,1,10
662,10,0,0
663,10,1,10
664,5,1,5
665,15,0,0
666,10,0,0
667,15,0,0
668,15,0,0
669,15,0,0
670,15,0,0
671,15,0,0
672,5,0,0
673,15,0,0
674,15,1,15
675,15,0,0
676,15,0,0
677,5,0,0
678,15,0,0
679,10,0,0
680,15,0,0
681,5,0,0
682,10,0,0
683,15,0,0
684,10,0,0
685,15,0,0
686,5,0,0
687,5,0,0
688,10,0,0
689,10,0,0
690,15,0,0
691,10,0,0
692,15,0,0
693,10,0,0
694,15,0,0
695,5,0,0
696,10,0,0
697,15,0,0
698,10,0,0
699,15,0,0
700,10,0,0
701,10,0,0
702,15,0,0
703,10,0,0
704,10,1,10
705,10,0,0
706,15,0,0
707,5,0,0
708,5,0,0
709,15,0,0
710,5,0,0
711,5,0,0
712,10,0,0
713,5,0,0
714,10,1,10
715,5,0,0
716,10,0,0
717,15,0,0
718,10,0,0
719,10,0,0
720,15,0,0
721,15,0,0
722,10,0,0
723,10,0,0
724,10,0,0
725,10,0,0
726,10,0,0
727,5,0,0
728,15,0,0
729,10,0,0
730,5,0,0
731,10,1,10
732,5,1,5
733,10,0,0
734,10,1,10
735,15,0,0
736,10,1,10
737,10,1,10
738,10,1,10
739,5,0,0
740,15,0,0
741,15,0,0
742,15,0,0
743,5,0,0
744,5,0,0
745,5,1,5
746,5,0,0
747,5,0,0
748,15,0,0
749,15,0,0
750,10,0,0
751,10,1,10
752,5,0,0
753,10,0,0
754,10,1,10
755,5,0,0
756,10,0,0
757,15,0,0
758,5,0,0
759,10,0,0
760,5,1,5
761,10,0,0
762,15,0,0
763,10,0,0
764,10,0,0
765,15,0,0
766,5,0,0
767,5,0,0
768,15,0,0
769,10,0,0
770,15,0,0
771,5,0,0
772,10,0,0
773,10,0,0
774,15,0,0
775,5,0,0
776,15,0,0
777,10,0,0
778,10,1,10
779,15,0,0
780,5,0,0
781,10,0,0
782,10,0,0
783,15,0,0
784,15,0,0
785,10,0,0
786,15,0,0
787,15,0,0
788,10,0,0
789,10,0,0
790,10,0,0
791,5,0,0
792,10,0,0
793,5,0,0
794,10,0,0
795,5,0,0
796,15,0,0
797,5,0,0
798,15,0,0
799,10,0,0
800,10,0,0
801,10,0,0
802,15,0,0
803,15,0,0
804,5,0,0
805,10,0,0
806,15,0,0
807,5,0,0
808,5,0,0
809,10,0,0
810,15,0,0
811,5,0,0
812,10,0,0
813,15,0,0
814,10,0,0
815,15,0,0
816,15,1,15
817,5,1,5
818,10,0,0
819,10,0,0
820,10,0,0
821,5,0,0
822,10,0,0
823,15,0,0
824,10,0,0
825,15,0,0
826,10,1,10
827,10,0,0
828,10,0,0
829,10,0,0
830,5,0,0
831,10,0,0
832,5,0,0
833,10,0,0
834,5,1,5
835,15,0,0
836,15,0,0
837,10,0,0
838,15,0,0
839,10,0,0
840,15,0,0
841,10,0,0
842,5,0,0
843,15,0,0
844,10,1,10
845,5,1,5
846,10,0,0
847,15,1,15
848,10,0,0
849,5,0,0
850,5,0,0
851,10,0,0
852,15,0,0
853,10,0,0
854,15,0,0
855,10,0,0
856,10,0,0
857,10,0,0
858,10,0,0
859,5,0,0
860,10,0,0
861,5,0,0
862,15,0,0
863,10,0,0
864,10,0,0
865,15,0,0
866,5,0,0
867,10,0,0
868,10,0,0
869,10,0,0
870,15,0,0
871,15,0,0
872,15,0,0
873,5,1,5
874,10,0,0
875,10,0,0
876,15,0,0
877,5,0,0
878,5,0,0
879,10,0,0
880,5,0,0
881,5,0,0
882,10,0,0
883,5,1,5
884,10,0,0
885,10,0,0
886,15,0,0
887,15,0,0
888,5,0,0
889,5,0,0
890,5,0,0
891,5,0,0
892,5,1,5
893,15,0,0
894,15,0,0
895,5,0,0
896,10,0,0
897,10,1,10
898,15,0,0
899,5,0,0
900,10,0,0
901,10,0,0
902,10,0,0
903,15,0,0
904,5,0,0
905,15,0,0
906,10,0,0
907,10,0,0
908,10,0,0
909,5,0,0
910,10,0,0
911,10,0,0
912,15,0,0
913,10,0,0
914,10,0,0
915,15,0,0
916,5,0,0
917,10,0,0
918,15,0,0
919,10,1,10
920,5,0,0
921,10,0,0
922,5,1,5
923,5,0,0
924,15,0,0
925,15,0,0
926,5,0,0
927,10,0,0
928,15,0,0
929,10,0,0
930,10,0,0
931,15,0,0
932,10,1,10
933,10,0,0
934,10,0,0
935,10,0,0
936,10,0,0
937,5,0,0
938,15,0,0
939,15,0,0
940,10,0,0
941,15,1,15
942,5,0,0
943,10,0,0
944,10,0,0
945,5,1,5
946,15,0,0
947,5,0,0
948,10,0,0
949,5,0,0
950,10,0,0
951,15,0,0
952,15,0,0
953,5,0,0
954,15,0,0
955,10,0,0
956,15,0,0
957,5,0,0
958,10,0,0
959,15,0,0
960,5,1,5
961,5,0,0
962,5,0,0
963,15,0,0
964,10,0,0
965,5,0,0
966,15,0,0
967,5,0,0
968,15,0,0
969,10,0,0
970,5,0,0
971,5,0,0
972,15,0,0
973,10,0,0
974,10,0,0
975,15,0,0
976,10,0,0
977,5,0,0
978,5,0,0
979,5,1,5
980,10,0,0
981,5,0,0
982,5,0,0
983,10,0,0
984,15,0,0
985,10,1,10
986,5,1,5
987,10,0,0
988,5,0,0
989,15,0,0
990,10,0,0
991,10,0,0
992,10,0,0
993,10,0,0
994,10,0,0
995,10,0,0
996,10,0,0
997,10,0,0
998,5,0,0
999,10,0,0
1000,5,1,5
1001,5,0,0
1002,15,0,0
1003,10,0,0
1004,10,0,0
1005,15,0,0
1006,5,0,0
1007,10,0,0
1008,15,0,0
1009,5,0,0
1010,10,0,0
1011,15,1,15
1012,15,0,0
1013,5,0,0
1014,15,0,0
1015,10,0,0
1016,15,0,0
1017,15,0,0
1018,5,0,0
1019,5,0,0
1020,10,0,0
1021,15,0,0
1022,10,0,0
1023,5,0,0
1024,10,1,10
1025,10,0,0
1026,10,0,0
1027,10,0,0
1028,15,0,0
1029,15,0,0
1030,10,1,10
1031,10,0,0
1032,10,0,0
1033,10,0,0
1034,15,0,0
1035,5,0,0
1036,10,0,0
1037,5,1,5
1038,5,0,0
1039,15,0,0
1040,15,0,0
1041,15,0,0
1042,15,0,0
1043,5,0,0
1044,15,1,15
1045,5,0,0
1046,5,0,0
1047,15,0,0
1048,5,0,0
1049,5,0,0
1050,15,0,0
1051,15,0,0
1052,10,0,0
1053,5,0,0
1054,15,0,0
1055,15,0,0
1056,10,0,0
1057,15,0,0
1058,15,0,0
1059,5,1,5
1060,15,0,0
1061,5,0,0
1062,15,0,0
1063,5,0,0
1064,15,0,0
1065,15,0,0
1066,15,0,0
1067,5,0,0
1068,15,0,0
1069,15,0,0
1070,5,0,0
1071,15,0,0
1072,15,0,0
1073,10,0,0
1074,5,0,0
1075,5,0,0
1076,5,0,0
1077,15,0,0
1078,10,0,0
1079,10,0,0
1080,5,1,5
1081,15,1,15
1082,10,0,0
1083,10,0,0
1084,15,0,0
1085,15,0,0
1086,10,0,0
1087,10,0,0
1088,10,0,0
1089,15,0,0
1090,15,1,15
1091,5,0,0
1092,5,0,0
1093,15,0,0
1094,15,0,0
1095,15,0,0
1096,15,0,0
1097,5,0,0
1098,10,0,0
1099,10,0,0
1100,15,0,0
1101,10,0,0
1102,5,0,0
1103,15,0,0
1104,5,1,5
1105,5,0,0
1106,10,0,0
1107,10,1,10
1108,10,0,0
1109,10,0,0
1110,15,0,0
1111,15,0,0
1112,10,0,0
1113,10,1,10
1114,10,1,10
1115,15,0,0
1116,10,0,0
1117,10,0,0
1118,15,0,0
1119,10,0,0
1120,15,0,0
1121,10,0,0
1122,5,0,0
1123,5,0,0
1124,10,0,0
1125,15,0,0
1126,5,0,0
1127,15,0,0
1128,10,0,0
1129,5,0,0
1130,5,0,0
1131,15,0,0
1132,5,0,0
1133,10,0,0
1134,10,0,0
1135,10,1,10
1136,10,1,10
1137,10,1,10
1138,15,0,0
1139,15,0,0
1140,10,1,10
1141,15,0,0
1142,5,0,0
1143,5,0,0
1144,10,0,0
1145,5,0,0
1146,15,0,0
1147,10,0,0
1148,10,0,0
1149,15,0,0
1150,5,0,0
1151,5,0,0
1152,10,1,10
1153,15,0,0
1154,5,0,0
1155,5,0,0
1156,5,0,0
1157,15,1,15
1158,10,0,0
1159,10,0,0
1160,10,0,0
1161,15,0,0
1162,10,0,0
1163,10,1,10
1164,5,1,5
1165,10,0,0
1166,10,1,10
1167,5,0,0
1168,10,0,0
1169,10,0,0
1170,10,1,10
1171,10,0,0
1172,5,1,5
1173,15,0,0
1174,5,0,0
1175,5,0,0
1176,15,0,0
1177,15,0,0
1178,15,0,0
1179,10,0,0
1180,10,0,0
1181,10,0,0
1182,15,0,0
1183,5,0,0
1184,10,0,0
1185,10,0,0
1186,10,0,0
1187,15,0,0
1188,10,0,0
1189,10,0,0
1190,5,0,0
1191,10,0,0
1192,5,0,0
1193,10,0,0
1194,10,0,0
1195,10,0,0
1196,15,0,0
1197,15,0,0
1198,10,0,0
1199,5,0,0
1200,15,0,0
1201,10,0,0
1202,15,0,0
1203,10,0,0
1204,5,0,0
1205,5,0,0
1206,10,0,0
1207,5,0,0
1208,15,0,0
1209,10,1,10
1210,10,0,0
1211,5,1,5
1212,10,0,0
1213,10,0,0
1214,10,0,0
1215,10,0,0
1216,15,0,0
1217,5,0,0
1218,10,0,0
1219,5,0,0
1220,15,0,0
1221,10,0,0
1222,15,0,0
1223,10,1,10
1224,10,0,0
1225,15,0,0
1226,5,0,0
1227,10,0,0
1228,10,0,0
1229,5,1,5
1230,5,1,5
1231,10,0,0
1232,10,1,10
1233,10,0,0
1234,5,0,0
1235,5,0,0
1236,5,0,0
1237,15,0,0
1238,10,0,0
1239,5,1,5
1240,10,0,0
1241,5,0,0
1242,5,0,0
1243,10,0,0
1244,5,0,0
1245,5,1,5
1246,15,0,0
1247,10,0,0
1248,10,1,10
1249,5,0,0
1250,10,1,10
1251,5,0,0
1252,5,0,0
1253,5,0,0
1254,15,0,0
1255,15,0,0
1256,10,0,0
1257,15,0,0
1258,10,0,0
1259,10,0,0
1260,5,0,0
1261,5,0,0
1262,15,0,0
1263,5,0,0
1264,15,0,0
1265,10,0,0
1266,15,0,0
1267,5,0,0
1268,5,0,0
1269,15,0,0
1270,10,1,10
1271,15,0,0
1272,10,0,0
1273,10,0,0
1274,10,0,0
1275,10,0,0
1276,10,0,0
1277,15,0,0
1278,15,0,0
1279,15,0,0
1280,15,0,0
1281,10,0,0
1282,5,0,0
1283,15,0,0
1284,10,1,10
1285,15,0,0
1286,10,0,0
1287,10,0,0
1288,10,0,0
1289,5,0,0
1290,10,0,0
1291,10,0,0
1292,10,0,0
1293,10,0,0
1294,5,0,0
1295,10,0,0
1296,10,0,0
1297,10,0,0
1298,10,0,0
1299,15,0,0
1300,15,0,0
1301,5,0,0
1302,15,1,15
1303,10,1,10
1304,15,0,0
1305,10,0,0
1306,10,0,0
1307,10,0,0
1308,10,0,0
1309,15,0,0
1310,5,1,5
1311,5,0,0
1312,10,0,0
1313,10,0,0
1314,10,0,0
1315,10,0,0
1316,15,0,0
1317,10,0,0
1318,5,0,0
1319,10,0,0
1320,10,0,0
1321,5,0,0
1322,5,0,0
1323,10,0,0
1324,10,0,0
1325,5,0,0
1326,15,0,0
1327,5,1,5
1328,10,0,0
1329,5,0,0
1330,15,1,15
1331,5,0,0
1332,5,1,5
1333,10,1,10
1334,15,0,0
1335,15,0,0
1336,5,1,5
1337,15,0,0
1338,10,0,0
1339,10,0,0
1340,15,1,15
1341,10,1,10
1342,5,1,5
1343,10,0,0
1344,15,0,0
1345,10,1,10
1346,10,0,0
1347,5,0,0
1348,15,0,0
1349,5,0,0
1350,5,0,0
1351,5,0,0
1352,5,0,0
1353,10,0,0
1354,10,0,0
1355,5,0,0
1356,15,0,0
1357,5,0,0
1358,15,0,0
1359,5,0,0
1360,15,0,0
1361,10,0,0
1362,5,0,0
1363,15,0,0
1364,10,0,0
1365,15,0,0
1366,10,0,0
1367,10,0,0
1368,10,0,0
1369,5,0,0
1370,5,0,0
1371,5,0,0
1372,5,1,5
1373,10,0,0
1374,5,0,0
1375,15,0,0
1376,15,0,0
1377,15,0,0
1378,5,0,0
1379,10,0,0
1380,10,0,0
1381,10,0,0
1382,15,0,0
1383,15,0,0
1384,5,0,0
1385,5,0,0
1386,15,0,0
1387,5,0,0
1388,15,0,0
1389,10,0,0
1390,10,0,0
1391,10,0,0
1392,10,0,0
1393,10,0,0
1394,5,1,5
1395,10,0,0
1396,10,0,0
1397,5,0,0
1398,5,0,0
1399,10,0,0
1400,15,0,0
1401,10,1,10
1402,15,0,0
1403,10,1,10
1404,10,0,0
1405,15,0,0
1406,5,0,0
1407,10,1,10
1408,15,0,0
1409,10,0,0
1410,5,0,0
1411,5,0,0
1412,15,0,0
1413,10,0,0
1414,15,0,0
1415,10,0,0
1416,15,0,0
1417,15,0,0
1418,10,0,0
1419,15,0,0
1420,5,1,5
1421,5,0,0
1422,10,0,0
1423,10,1,10
1424,10,0,0
1425,5,0,0
1426,10,0,0
1427,10,0,0
1428,15,0,0
1429,15,0,0
1430,5,0,0
1431,15,0,0
1432,10,0,0
1433,10,0,0
1434,10,0,0
1435,5,0,0
1436,10,1,10
1437,10,1,10
1438,10,0,0
1439,15,0,0
1440,15,0,0
1441,10,0,0
1442,10,1,10
1443,15,1,15
1444,10,0,0
1445,5,0,0
1446,5,0,0
1447,10,0,0
1448,10,1,10
1449,10,0,0
1450,5,0,0
1451,15,0,0
1452,10,0,0
1453,15,0,0
1454,15,0,0
1455,15,0,0
1456,10,0,0
1457,5,0,0
1458,5,0,0
1459,15,0,0
1460,15,1,15
1461,10,0,0
1462,15,0,0
1463,5,0,0
1464,10,0,0
1465,15,0,0
1466,5,1,5
1467,5,0,0
1468,15,0,0
1469,10,0,0
1470,10,0,0
1471,15,0,0
1472,10,0,0
1473,15,1,15
1474,15,0,0
1475,5,0,0
1476,10,0,0
1477,5,0,0
1478,10,0,0
1479,5,0,0
1480,15,0,0
1481,10,0,0
1482,15,0,0
1483,5,0,0
1484,5,0,0
1485,15,0,0
1486,5,0,0
1487,10,0,0
1488,15,0,0
1489,5,1,5
1490,10,0,0
1491,15,0,0
1492,10,0,0
1493,15,0,0
1494,10,0,0
1495,15,0,0
1496,10,0,0
1497,15,0,0
1498,15,0,0
1499,5,0,0
1500,10,0,0
1501,5,0,0
1502,5,1,5
1503,10,1,10
1504,10,0,0
1505,5,0,0
1506,15,0,0
1507,10,0,0
1508,15,0,0
1509,15,0,0
1510,10,0,0
1511,15,0,0
1512,15,0,0
1513,10,1,10
1514,5,1,5
1515,15,0,0
1516,15,0,0
1517,10,0,0
1518,15,0,0
1519,10,1,10
1520,15,0,0
1521,5,0,0
1522,5,0,0
1523,10,0,0
1524,15,0,0
1525,10,0,0
1526,10,0,0
1527,10,0,0
1528,5,1,5
1529,15,0,0
1530,5,0,0
1531,10,0,0
1532,10,0,0
1533,10,0,0
1534,5,0,0
1535,10,1,10
1536,5,0,0
1537,5,0,0
1538,15,0,0
1539,15,0,0
1540,5,1,5
1541,10,0,0
1542,15,0,0
1543,15,0,0
1544,15,1,15
1545,5,0,0
1546,10,0,0
1547,5,0,0
1548,15,0,0
1549,5,0,0
1550,10,0,0
1551,10,1,10
1552,5,0,0
1553,10,1,10
1554,5,0,0
1555,5,0,0
1556,10,0,0
1557,10,1,10
1558,10,0,0
1559,10,0,0
1560,15,0,0
1561,15,0,0
1562,15,0,0
1563,10,0,0
1564,5,0,0
1565,15,1,15
1566,5,0,0
1567,5,0,0
1568,5,0,0
1569,15,0,0
1570,5,0,0
1571,5,0,0
1572,10,0,0
1573,15,0,0
1574,10,0,0
1575,15,0,0
1576,10,0,0
1577,15,0,0
1578,10,0,0
1579,5,0,0
1580,10,0,0
1581,5,0,0
1582,10,1,10
1583,5,0,0
1584,10,0,0
1585,10,1,10
1586,5,1,5
1587,15,0,0
1588,10,0,0
1589,15,0,0
1590,10,0,0
1591,5,0,0
1592,10,0,0
1593,10,0,0
1594,5,0,0
1595,10,0,0
1596,10,0,0
1597,10,0,0
1598,10,0,0
1599,15,0,0
1600,10,1,10
1601,10,1,10
1602,10,0,0
1603,10,0,0
1604,10,0,0
1605,10,0,0
1606,5,0,0
1607,5,0,0
1608,5,0,0
1609,10,0,0
1610,5,1,5
1611,5,0,0
1612,5,0,0
1613,10,0,0
1614,15,0,0
1615,5,1,5
1616,5,0,0
1617,15,0,0
1618,10,0,0
1619,10,0,0
1620,5,1,5
1621,5,0,0
1622,10,0,0
1623,10,1,10
1624,5,0,0
1625,15,0,0
1626,15,0,0
1627,5,0,0
1628,5,0,0
1629,5,0,0
1630,10,0,0
1631,10,0,0
1632,5,1,5
1633,5,0,0
1634,10,1,10
1635,5,0,0
1636,10,0,0
1637,15,0,0
1638,10,0,0
1639,10,0,0
1640,10,0,0
1641,15,0,0
1642,15,0,0
1643,15,0,0
1644,5,0,0
1645,5,0,0
1646,15,0,0
1647,10,0,0
1648,15,0,0
1649,15,0,0
1650,15,0,0
1651,5,0,0
1652,10,0,0
1653,5,0,0
1654,10,0,0
1655,10,0,0
1656,15,1,15
1657,10,0,0
1658,5,0,0
1659,10,0,0
1660,5,0,0
1661,10,0,0
1662,15,0,0
1663,10,0,0
1664,15,0,0
1665,10,0,0
1666,5,0,0
1667,10,0,0
1668,5,1,5
1669,10,0,0
1670,15,0,0
1671,5,1,5
1672,15,1,15
1673,10,1,10
1674,5,0,0
1675,15,0,0
1676,15,0,0
1677,15,0,0
1678,5,0,0
1679,10,0,0
1680,5,0,0
1681,10,0,0
1682,10,0,0
1683,15,0,0
1684,10,0,0
1685,10,1,10
1686,15,0,0
1687,15,0,0
1688,10,0,0
1689,10,1,10
1690,15,0,0
1691,5,1,5
1692,15,0,0
1693,10,0,0
1694,10,0,0
1695,5,1,5
1696,5,0,0
1697,10,0,0
1698,5,0,0
1699,15,0,0
1700,5,0,0
1701,15,0,0
1702,15,0,0
1703,10,0,0
1704,10,0,0
1705,15,0,0
1706,15,0,0
1707,5,0,0
1708,10,0,0
1709,5,1,5
1710,10,0,0
1711,5,1,5
1712,5,0,0
1713,5,0,0
1714,5,1,5
1715,5,0,0
1716,5,0,0
1717,5,1,5
1718,15,0,0
1719,5,0,0
1720,15,0,0
1721,15,0,0
1722,15,0,0
1723,15,0,0
1724,5,0,0
1725,10,0,0
1726,10,0,0
1727,15,0,0
1728,5,1,5
1729,10,0,0
1730,5,0,0
1731,15,0,0
1732,15,0,0
1733,10,0,0
1734,5,0,0
1735,5,0,0
1736,15,0,0
1737,10,0,0
1738,10,0,0
1739,10,0,0
1740,10,0,0
1741,10,0,0
1742,15,0,0
1743,10,0,0
1744,15,1,15
1745,15,0,0
1746,5,0,0
1747,5,0,0
1748,15,0,0
1749,10,0,0
1750,10,0,0
1751,10,0,0
1752,15,0,0
1753,5,0,0
1754,10,0,0
1755,10,0,0
1756,10,0,0
1757,10,0,0
1758,10,0,0
1759,10,0,0
1760,10,0,0
1761,10,0,0
1762,15,0,0
1763,15,0,0
1764,10,0,0
1765,15,0,0
1766,5,0,0
1767,10,0,0
1768,15,0,0
1769,10,0,0
1770,10,0,0
1771,15,0,0
1772,10,1,10
1773,5,1,5
1774,5,0,0
1775,10,0,0
1776,10,0,0
1777,5,0,0
1778,15,0,0
1779,15,0,0
1780,10,1,10
1781,15,0,0
1782,15,0,0
1783,10,0,0
1784,10,1,10
1785,10,0,0
1786,15,0,0
1787,5,0,0
1788,5,1,5
1789,10,0,0
1790,10,1,10
1791,5,0,0
1792,15,0,0
1793,5,0,0
1794,5,0,0
1795,10,0,0
1796,10,0,0
1797,15,0,0
1798,15,0,0
1799,5,1,5
1800,10,0,0
1801,10,0,0
1802,10,0,0
1803,15,0,0
1804,5,0,0
1805,10,0,0
1806,15,0,0
1807,10,0,0
1808,15,0,0
1809,5,1,5
1810,5,0,0
1811,10,0,0
1812,15,0,0
1813,15,0,0
1814,10,1,10
1815,15,0,0
1816,15,0,0
1817,10,0,0
1818,5,0,0
1819,5,0,0
1820,5,0,0
1821,5,1,5
1822,15,0,0
1823,10,0,0
1824,15,0,0
1825,5,0,0
1826,15,0,0
1827,5,1,5
1828,10,0,0
1829,15,0,0
1830,10,0,0
1831,15,0,0
1832,5,0,0
1833,5,0,0
1834,10,0,0
1835,5,0,0
1836,10,0,0
1837,10,0,0
1838,5,0,0
1839,5,0,0
1840,10,1,10
1841,5,0,0
1842,5,1,5
1843,5,1,5
1844,10,0,0
1845,10,0,0
1846,10,0,0
1847,10,0,0
1848,5,0,0
1849,5,0,0
1850,15,0,0
1851,15,0,0
1852,15,1,15
1853,15,0,0
1854,5,0,0
1855,10,1,10
1856,15,0,0
1857,10,0,0
1858,10,0,0
1859,5,0,0
1860,15,0,0
1861,5,0,0
1862,10,0,0
1863,10,1,10
1864,15,0,0
1865,10,0,0
1866,10,0,0
1867,10,0,0
1868,10,1,10
1869,15,0,0
1870,15,0,0
1871,5,0,0
1872,10,1,10
1873,5,0,0
1874,10,0,0
1875,10,0,0
1876,15,0,0
1877,5,0,0
1878,15,0,0
1879,15,0,0
1880,5,0,0
1881,15,0,0
1882,15,0,0
1883,10,0,0
1884,15,0,0
1885,5,0,0
1886,10,0,0
1887,5,0,0
1888,10,0,0
1889,5,0,0
1890,15,0,0
1891,5,0,0
1892,15,0,0
1893,15,0,0
1894,10,0,0
1895,5,0,0
1896,5,0,0
1897,5,0,0
1898,10,0,0
1899,10,0,0
1900,5,0,0
1901,10,0,0
1902,5,0,0
1903,15,0,0
1904,15,0,0
1905,5,1,5
1906,15,0,0
1907,10,0,0
1908,15,0,0
1909,15,1,15
1910,5,0,0
1911,10,1,10
1912,10,0,0
1913,5,0,0
1914,10,0,0
1915,10,0,0
1916,10,0,0
1917,5,0,0
1918,10,0,0
1919,10,0,0
1920,15,0,0
1921,5,0,0
1922,10,0,0
1923,10,0,0
1924,10,1,10
1925,5,0,0
1926,10,0,0
1927,5,0,0
1928,10,1,10
1929,15,0,0
1930,5,1,5
1931,15,0,0
1932,15,0,0
1933,15,0,0
1934,10,0,0
1935,5,0,0
1936,15,0,0
1937,15,0,0
1938,10,0,0
1939,5,0,0
1940,10,0,0
1941,10,0,0
1942,15,0,0
1943,10,0,0
1944,5,0,0
1945,15,0,0
1946,10,0,0
1947,5,0,0
1948,5,0,0
1949,5,1,5
1950,10,0,0
1951,15,0,0
1952,10,0,0
1953,5,1,5
1954,5,0,0
1955,10,1,10
1956,15,0,0
1957,15,0,0
1958,15,0,0
1959,10,0,0
1960,10,0,0
1961,15,0,0
1962,10,0,0
1963,10,1,10
1964,10,0,0
1965,5,1,5
1966,5,0,0
1967,15,0,0
1968,5,0,0
1969,10,1,10
1970,10,0,0
1971,15,0,0
1972,10,0,0
1973,15,0,0
1974,15,0,0
1975,15,1,15
1976,10,0,0
1977,5,0,0
1978,15,0,0
1979,15,0,0
1980,10,0,0
1981,10,0,0
1982,10,0,0
1983,15,0,0
1984,10,0,0
1985,15,0,0
1986,5,0,0
1987,5,0,0
1988,5,0,0
1989,15,0,0
1990,10,0,0
1991,10,0,0
1992,15,0,0
1993,10,0,0
1994,10,0,0
1995,5,0,0
1996,15,0,0
1997,15,0,0
1998,10,1,10
1999,5,0,0
2000,10,0,0
2001,10,0,0
2002,15,0,0
2003,10,0,0
2004,10,1,10
2005,5,0,0
2006,10,0,0
2007,15,0,0
2008,10,0,0
2009,10,0,0
2010,10,0,0
2011,15,0,0
2012,15,0,0
2013,10,1,10
2014,15,0,0
2015,10,0,0
2016,10,0,0
2017,15,0,0
2018,10,0,0
2019,10,0,0
2020,15,1,15
2021,5,0,0
2022,15,0,0
2023,15,0,0
2024,10,1,10
2025,5,0,0
2026,10,0,0
2027,10,0,0
2028,5,0,0
2029,5,0,0
2030,5,0,0
2031,15,0,0
2032,10,0,0
2033,10,0,0
2034,10,0,0
2035,15,0,0
2036,15,0,0
2037,10,0,0
2038,15,0,0
2039,5,1,5
2040,15,0,0
2041,5,1,5
2042,5,0,0
2043,15,0,0
2044,15,0,0
2045,5,0,0
2046,5,0,0
2047,15,0,0
2048,5,0,0
2049,5,0,0
2050,15,0,0
2051,5,1,5
2052,15,0,0
2053,5,0,0
2054,5,0,0
2055,10,0,0
2056,10,0,0
2057,10,0,0
2058,15,0,0
2059,5,0,0
2060,5,0,0
2061,15,0,0
2062,10,0,0
2063,10,0,0
2064,5,0,0
2065,5,0,0
2066,10,0,0
2067,5,1,5
2068,5,0,0
2069,10,0,0
2070,15,0,0
2071,10,0,0
2072,10,1,10
2073,15,0,0
2074,5,1,5
2075,10,0,0
2076,10,0,0
2077,5,1,5
2078,10,0,0
2079,10,0,0
2080,10,1,10
2081,15,0,0
2082,5,0,0
2083,10,0,0
2084,15,0,0
2085,5,0,0
2086,15,0,0
2087,5,0,0
2088,5,0,0
2089,5,0,0
2090,10,0,0
2091,5,1,5
2092,10,0,0
2093,10,0,0
2094,15,0,0
2095,15,0,0
2096,5,1,5
2097,10,0,0
2098,5,0,0
2099,5,0,0
2100,10,0,0
2101,5,0,0
2102,5,0,0
2103,10,0,0
2104,5,0,0
2105,15,1,15
2106,5,0,0
2107,15,0,0
2108,15,0,0
2109,10,0,0
2110,10,0,0
2111,10,0,0
2112,10,0,0
2113,5,1,5
2114,15,0,0
2115,15,0,0
2116,5,0,0
2117,10,0,0
2118,15,0,0
2119,10,0,0
2120,15,1,15
2121,5,0,0
2122,10,0,0
2123,15,1,15
2124,5,0,0
2125,10,0,0
2126,15,0,0
2127,15,0,0
2128,5,0,0
2129,10,0,0
2130,5,1,5
2131,10,0,0
2132,5,0,0
2133,15,0,0
2134,5,0,0
2135,5,0,0
2136,10,1,10
2137,15,0,0
2138,5,0,0
2139,10,0,0
2140,15,0,0
2141,15,0,0
2142,10,0,0
2143,15,0,0
2144,10,0,0
2145,15,0,0
2146,5,0,0
2147,10,0,0
2148,15,0,0
2149,5,0,0
2150,10,0,0
2151,5,0,0
2152,10,0,0
2153,15,0,0
2154,15,0,0
2155,10,0,0
2156,5,1,5
2157,5,0,0
2158,10,0,0
2159,10,0,0
2160,15,0,0
2161,5,0,0
2162,10,0,0
2163,10,0,0
2164,10,0,0
2165,15,0,0
2166,5,0,0
2167,10,0,0
2168,15,0,0
2169,15,1,15
2170,5,0,0
2171,10,0,0
2172,5,0,0
2173,15,0,0
2174,15,0,0
2175,10,0,0
2176,15,0,0
2177,5,0,0
2178,10,0,0
2179,15,0,0
2180,10,0,0
2181,15,0,0
2182,15,0,0
2183,10,0,0
2184,10,0,0
2185,10,0,0
2186,15,0,0
2187,15,0,0
2188,10,0,0
2189,10,0,0
2190,15,0,0
2191,15,0,0
2192,10,0,0
2193,10,0,0
2194,10,1,10
2195,15,0,0
2196,15,1,15
2197,15,0,0
2198,15,1,15
2199,15,0,0
2200,10,0,0
2201,5,0,0
2202,15,0,0
2203,5,0,0
2204,10,0,0
2205,10,0,0
2206,15,0,0
2207,10,0,0
2208,15,0,0
2209,10,1,10
2210,10,0,0
2211,10,0,0
2212,10,0,0
2213,15,0,0
2214,15,1,15
2215,10,0,0
2216,15,0,0
2217,10,0,0
2218,5,1,5
2219,15,0,0
2220,15,0,0
2221,15,0,0
2222,10,0,0
2223,10,0,0
2224,10,0,0
2225,15,0,0
2226,5,0,0
2227,5,0,0
2228,5,0,0
2229,5,1,5
2230,15,0,0
2231,10,0,0
2232,15,0,0
2233,10,0,0
2234,5,1,5
2235,15,0,0
2236,15,0,0
2237,10,0,0
2238,10,0,0
2239,15,0,0
2240,5,0,0
2241,5,0,0
2242,15,0,0
2243,5,0,0
2244,5,0,0
2245,15,0,0
2246,10,0,0
2247,5,0,0
2248,5,0,0
2249,15,0,0
2250,5,0,0
2251,5,0,0
2252,10,1,10
2253,15,0,0
2254,5,1,5
2255,15,0,0
2256,10,0,0
2257,10,0,0
2258,10,0,0
2259,5,0,0
2260,5,1,5
2261,15,0,0
2262,15,0,0
2263,15,0,0
2264,10,0,0
2265,5,0,0
2266,5,0,0
2267,10,1,10
2268,15,0,0
2269,15,0,0
2270,5,0,0
2271,10,0,0
2272,15,1,15
2273,10,0,0
2274,15,0,0
2275,15,0,0
2276,5,1,5
2277,15,0,0
2278,10,0,0
2279,15,0,0
2280,10,0,0
2281,10,0,0
2282,10,0,0
2283,15,0,0
2284,10,0,0
2285,15,0,0
2286,5,0,0
2287,10,1,10
2288,5,0,0
2289,15,0,0
2290,15,0,0
2291,5,0,0
2292,10,0,0
2293,10,0,0
2294,10,0,0
2295,10,0,0
2296,10,0,0
2297,5,1,5
2298,5,0,0
2299,15,0,0
2300,5,0,0
2301,10,0,0
2302,15,0,0
2303,15,0,0
2304,15,0,0
2305,10,1,10
2306,10,1,10
2307,15,0,0
2308,5,1,5
2309,15,0,0
2310,10,0,0
2311,15,0,0
2312,5,0,0
2313,15,0,0
2314,5,1,5
2315,5,0,0
2316,15,0,0
2317,5,0,0
2318,5,0,0
2319,5,0,0
2320,10,0,0
2321,15,0,0
2322,10,0,0
2323,15,0,0
2324,10,0,0
2325,10,1,10
2326,5,0,0
2327,5,0,0
2328,5,0,0
2329,10,0,0
2330,10,0,0
2331,10,0,0
2332,15,0,0
2333,5,0,0
2334,5,0,0
2335,10,0,0
2336,5,0,0
2337,15,0,0
2338,15,0,0
2339,10,0,0
2340,5,1,5
2341,15,0,0
2342,10,1,10
2343,10,0,0
2344,15,0,0
2345,10,0,0
2346,10,1,10
2347,5,1,5
2348,10,0,0
2349,10,0,0
2350,10,0,0
2351,10,0,0
2352,15,0,0
2353,5,0,0
2354,5,0,0
2355,15,0,0
2356,5,0,0
2357,5,0,0
2358,10,0,0
2359,10,0,0
2360,10,0,0
2361,10,0,0
2362,10,0,0
2363,10,0,0
2364,5,1,5
2365,10,0,0
2366,10,0,0
2367,10,0,0
2368,10,0,0
2369,15,0,0
2370,15,0,0
2371,10,0,0
2372,10,0,0
2373,10,0,0
2374,5,1,5
2375,15,0,0
2376,5,1,5
2377,5,0,0
2378,15,0,0
2379,15,0,0
2380,10,0,0
2381,10,0,0
2382,10,0,0
2383,5,0,0
2384,15,0,0
2385,5,0,0
2386,15,0,0
2387,10,0,0
2388,10,1,10
2389,5,0,0
2390,10,1,10
2391,15,0,0
2392,10,0,0
2393,5,0,0
2394,5,1,5
2395,15,0,0
2396,5,1,5
2397,15,0,0
2398,15,0,0
2399,5,0,0
2400,10,0,0
2401,5,0,0
2402,10,0,0
2403,10,0,0
2404,10,0,0
2405,15,0,0
2406,10,1,10
2407,10,0,0
2408,10,0,0
2409,5,0,0
2410,15,0,0
2411,5,0,0
2412,15,0,0
2413,10,0,0
2414,10,0,0
2415,10,0,0
2416,15,0,0
2417,10,0,0
2418,5,1,5
2419,15,0,0
2420,5,0,0
2421,5,0,0
2422,15,0,0
2423,5,0,0
2424,5,0,0
2425,5,0,0
2426,10,0,0
2427,5,0,0
2428,15,0,0
2429,15,0,0
2430,15,0,0
2431,10,0,0
2432,15,0,0
2433,5,0,0
2434,5,1,5
2435,5,0,0
2436,10,0,0
2437,5,0,0
2438,10,0,0
2439,5,0,0
2440,10,0,0
2441,15,0,0
2442,10,0,0
2443,15,1,15
2444,10,0,0
2445,15,0,0
2446,10,0,0
2447,10,0,0
2448,15,0,0
2449,15,0,0
2450,15,0,0
2451,15,0,0
2452,15,0,0
2453,15,0,0
2454,15,0,0
2455,10,1,10
2456,10,0,0
2457,15,0,0
2458,15,0,0
2459,10,0,0
2460,5,0,0
2461,10,0,0
2462,10,0,0
2463,10,0,0
2464,15,0,0
2465,5,0,0
2466,10,0,0
2467,10,0,0
2468,10,0,0
2469,10,1,10
2470,10,0,0
2471,5,0,0
2472,15,0,0
2473,5,0,0
2474,10,0,0
2475,15,0,0
2476,15,0,0
2477,5,0,0
2478,5,0,0
2479,15,0,0
2480,5,0,0
2481,10,0,0
2482,10,0,0
2483,10,1,10
2484,5,0,0
2485,5,0,0
2486,15,0,0
2487,5,0,0
2488,10,0,0
2489,5,1,5
2490,5,0,0
2491,15,0,0
2492,5,0,0
2493,5,1,5
2494,5,0,0
2495,5,0,0
2496,15,0,0
2497,10,0,0
2498,10,0,0
2499,10,1,10
2500,5,1,5
2501,5,0,0
2502,15,0,0
2503,5,1,5
2504,15,0,0
2505,5,0,0
2506,15,0,0
2507,15,0,0
2508,10,0,0
2509,10,0,0
2510,10,0,0
2511,15,0,0
2512,5,0,0
2513,10,0,0
2514,5,0,0
2515,15,0,0
2516,10,0,0
2517,10,0,0
2518,10,1,10
2519,10,0,0
2520,15,0,0
2521,5,0,0
2522,10,0,0
2523,5,0,0
2524,5,0,0
2525,10,1,10
2526,10,0,0
2527,15,0,0
2528,5,0,0
2529,15,0,0
2530,10,1,10
2531,5,0,0
2532,10,0,0
2533,10,0,0
2534,5,0,0
2535,5,0,0
2536,10,0,0
2537,5,0,0
2538,15,0,0
2539,15,0,0
2540,15,0,0
2541,5,0,0
2542,15,0,0
2543,15,0,0
2544,15,1,15
2545,15,0,0
2546,5,1,5
2547,5,0,0
2548,5,0,0
2549,15,0,0
2550,10,0,0
2551,10,0,0
2552,15,0,0
2553,15,0,0
2554,15,0,0
2555,5,0,0
2556,10,0,0
2557,15,0,0
2558,5,0,0
2559,10,0,0
2560,15,0,0
2561,10,0,0
2562,10,0,0
2563,5,0,0
2564,5,0,0
2565,5,0,0
2566,10,1,10
2567,10,1,10
2568,15,0,0
2569,10,1,10
2570,10,0,0
2571,5,0,0
2572,5,0,0
2573,5,0,0
2574,15,0,0
2575,15,0,0
2576,10,0,0
2577,15,0,0
2578,10,0,0
2579,5,0,0
2580,10,0,0
2581,15,0,0
2582,15,0,0
2583,5,0,0
2584,15,0,0
2585,10,0,0
2586,10,0,0
2587,5,1,5
2588,10,0,0
2589,5,0,0
2590,15,0,0
2591,5,1,5
2592,15,0,0
2593,10,0,0
2594,10,0,0
2595,15,0,0
2596,15,0,0
2597,15,0,0
2598,15,0,0
2599,10,0,0
2600,5,1,5
2601,15,0,0
2602,5,0,0
2603,10,0,0
2604,10,0,0
2605,10,0,0
2606,10,0,0
2607,10,1,10
2608,5,0,0
2609,10,0,0
2610,10,0,0
2611,10,0,0
2612,15,0,0
2613,5,0,0
2614,5,0,0
2615,10,0,0
2616,10,0,0
2617,5,0,0
2618,15,0,0
2619,10,0,0
2620,10,0,0
2621,15,0,0
2622,5,0,0
2623,10,0,0
2624,15,0,0
2625,5,0,0
2626,10,0,0
2627,10,0,0
2628,10,0,0
2629,10,0,0
2630,5,0,0
2631,10,0,0
2632,10,0,0
2633,10,0,0
2634,15,0,0
2635,10,0,0
2636,10,0,0
2637,15,0,0
2638,15,0,0
2639,5,0,0
2640,10,0,0
2641,15,0,0
2642,15,0,0
2643,10,0,0
2644,10,0,0
2645,10,0,0
2646,15,0,0
2647,15,0,0
2648,5,0,0
2649,15,0,0
2650,10,0,0
2651,10,1,10
2652,10,0,0
2653,15,0,0
2654,15,0,0
2655,10,0,0
2656,5,0,0
2657,15,0,0
2658,10,0,0
2659,5,0,0
2660,15,0,0
2661,10,0,0
2662,5,1,5
2663,10,0,0
2664,15,0,0
2665,15,0,0
2666,10,0,0
2667,15,0,0
2668,5,1,5
2669,5,0,0
2670,10,0,0
2671,10,1,10
2672,10,0,0
2673,10,0,0
2674,10,0,0
2675,10,0,0
2676,5,0,0
2677,10,0,0
2678,5,0,0
2679,10,0,0
2680,5,0,0
2681,5,0,0
2682,5,0,0
2683,5,0,0
2684,10,0,0
2685,15,0,0
2686,15,0,0
2687,10,0,0
2688,10,0,0
2689,10,0,0
2690,15,0,0
2691,5,0,0
2692,10,0,0
2693,10,0,0
2694,15,0,0
2695,5,0,0
2696,5,0,0
2697,5,0,0
2698,15,0,0
2699,15,0,0
2700,10,0,0
2701,10,1,10
2702,10,0,0
2703,5,1,5
2704,10,0,0
2705,5,1,5
2706,10,0,0
2707,5,0,0
2708,5,0,0
2709,5,0,0
2710,10,0,0
2711,15,0,0
2712,5,0,0
2713,10,0,0
2714,15,0,0
2715,10,1,10
2716,5,0,0
2717,10,0,0
2718,10,0,0
2719,5,0,0
2720,10,1,10
2721,10,0,0
2722,15,0,0
2723,15,0,0
2724,5,0,0
2725,10,0,0
2726,10,0,0
2727,5,0,0
2728,10,0,0
2729,10,0,0
2730,5,0,0
2731,15,0,0
2732,10,0,0
2733,10,0,0
2734,15,0,0
2735,15,0,0
2736,5,1,5
2737,5,0,0
2738,10,0,0
2739,5,0,0
2740,10,0,0
2741,5,0,0
2742,5,0,0
2743,5,0,0
2744,10,0,0
2745,10,0,0
2746,10,0,0
2747,10,0,0
2748,10,0,0
2749,10,0,0
2750,10,0,0
2751,5,1,5
2752,10,0,0
2753,5,0,0
2754,10,0,0
2755,5,0,0
2756,10,0,0
2757,15,1,15
2758,15,0,0
2759,10,0,0
2760,5,0,0
2761,10,0,0
2762,10,0,0
2763,5,0,0
2764,15,0,0
2765,15,0,0
2766,15,0,0
2767,15,0,0
2768,15,0,0
2769,5,0,0
2770,10,1,10
2771,15,0,0
2772,5,0,0
2773,15,0,0
2774,10,0,0
2775,5,0,0
2776,15,0,0
2777,15,0,0
2778,10,0,0
2779,10,0,0
2780,10,0,0
2781,10,0,0
2782,5,0,0
2783,10,0,0
2784,10,0,0
2785,15,0,0
2786,10,0,0
2787,10,0,0
2788,5,0,0
2789,5,0,0
2790,5,0,0
2791,5,0,0
2792,10,0,0
2793,5,0,0
2794,15,0,0
2795,10,0,0
2796,15,0,0
2797,5,0,0
2798,5,0,0
2799,15,0,0
2800,5,0,0
2801,10,1,10
2802,15,0,0
2803,5,0,0
2804,15,0,0
2805,5,0,0
2806,10,0,0
2807,10,0,0
2808,5,0,0
2809,5,1,5
2810,5,0,0
2811,10,0,0
2812,10,0,0
2813,5,0,0
2814,5,0,0
2815,5,0,0
2816,10,0,0
2817,5,0,0
2818,15,0,0
2819,10,1,10
2820,15,0,0
2821,10,1,10
2822,15,0,0
2823,15,0,0
2824,15,0,0
2825,15,0,0
2826,15,0,0
2827,15,0,0
2828,10,0,0
2829,5,0,0
2830,15,0,0
2831,5,1,5
2832,5,0,0
2833,5,0,0
2834,5,0,0
2835,5,1,5
2836,5,0,0
2837,15,0,0
2838,10,1,10
2839,10,0,0
2840,10,0,0
2841,15,0,0
2842,15,0,0
2843,10,0,0
2844,10,0,0
2845,10,0,0
2846,5,0,0
2847,15,0,0
2848,5,0,0
2849,5,0,0
2850,10,0,0
2851,15,0,0
2852,5,0,0
2853,10,0,0
2854,15,0,0
2855,5,0,0
2856,10,0,0
2857,5,1,5
2858,10,0,0
2859,15,0,0
2860,15,0,0
2861,10,0,0
2862,5,0,0
2863,5,0,0
2864,15,0,0
2865,15,0,0
2866,15,0,0
2867,10,0,0
2868,15,0,0
2869,15,0,0
2870,15,1,15
2871,10,0,0
2872,5,0,0
2873,15,0,0
2874,10,0,0
2875,5,0,0
2876,15,1,15
2877,15,0,0
2878,10,1,10
2879,10,0,0
2880,5,1,5
2881,10,0,0
2882,10,1,10
2883,10,0,0
2884,5,0,0
2885,10,0,0
2886,5,0,0
2887,10,0,0
2888,5,0,0
2889,15,0,0
2890,5,0,0
2891,10,0,0
2892,15,0,0
2893,15,0,0
2894,5,0,0
2895,10,0,0
2896,10,1,10
2897,5,0,0
2898,10,0,0
2899,5,0,0
2900,10,0,0
2901,5,0,0
2902,10,0,0
2903,5,1,5
2904,10,0,0
2905,5,0,0
2906,10,0,0
2907,15,0,0
2908,15,0,0
2909,15,0,0
2910,10,1,10
2911,15,0,0
2912,5,1,5
2913,15,0,0
2914,15,0,0
2915,10,0,0
2916,15,0,0
2917,10,0,0
2918,5,0,0
2919,5,1,5
2920,5,0,0
2921,10,0,0
2922,10,0,0
2923,10,0,0
2924,10,0,0
2925,15,0,0
2926,15,0,0
2927,10,0,0
2928,15,0,0
2929,5,0,0
2930,10,0,0
2931,5,0,0
2932,10,0,0
2933,15,0,0
2934,10,0,0
2935,15,0,0
2936,5,0,0
2937,15,0,0
2938,15,0,0
2939,10,0,0
2940,15,0,0
2941,15,0,0
2942,10,0,0
2943,15,0,0
2944,15,0,0
2945,15,0,0
2946,10,0,0
2947,10,0,0
2948,10,0,0
2949,15,0,0
2950,5,1,5
2951,5,0,0
2952,15,0,0
2953,15,0,0
2954,10,0,0
2955,15,0,0
2956,10,0,0
2957,5,0,0
2958,5,0,0
2959,10,1,10
2960,10,0,0
2961,5,0,0
2962,15,0,0
2963,15,0,0
2964,10,0,0
2965,5,0,0
2966,5,0,0
2967,5,0,0
2968,15,0,0
2969,5,0,0
2970,10,0,0
2971,5,0,0
2972,5,0,0
2973,15,0,0
2974,10,0,0
2975,15,0,0
2976,5,0,0
2977,10,0,0
2978,10,0,0
2979,5,0,0
2980,10,1,10
2981,5,0,0
2982,15,0,0
2983,5,0,0
2984,15,0,0
2985,10,0,0
2986,5,0,0
2987,10,0,0
2988,5,1,5
2989,15,0,0
2990,10,0,0
2991,10,0,0
2992,10,0,0
2993,15,0,0
2994,5,0,0
2995,15,0,0
2996,10,0,0
2997,10,0,0
2998,10,0,0
2999,5,1,5
3000,5,0,0
