Date,Visits
2022-01-01,111
2022-01-02,100
2022-01-03,117
2022-01-04,136
2022-01-05,102
2022-01-06,103
2022-01-07,141
2022-01-08,126
2022-01-09,103
2022-01-10,124
2022-01-11,106
2022-01-12,107
2022-01-13,123
2022-01-14,81
2022-01-15,86
2022-01-16,111
2022-01-17,103
2022-01-18,131
2022-01-19,108
2022-01-20,99
2022-01-21,158
2022-01-22,125
2022-01-23,133
2022-01-24,104
2022-01-25,123
2022-01-26,138
2022-01-27,114
2022-01-28,145
2022-01-29,127
2022-01-30,135
2022-01-31,130
2022-02-01,180
2022-02-02,144
2022-02-03,125
2022-02-04,163
2022-02-05,124
2022-02-06,154
2022-02-07,112
2022-02-08,125
2022-02-09,157
2022-02-10,169
2022-02-11,159
2022-02-12,154
2022-02-13,152
2022-02-14,130
2022-02-15,146
2022-02-16,152
2022-02-17,184
2022-02-18,171
2022-02-19,130
2022-02-20,172
2022-02-21,159
2022-02-22,155
2022-02-23,181
2022-02-24,191
2022-02-25,190
2022-02-26,155
2022-02-27,167
2022-02-28,181
2022-03-01,195
2022-03-02,167
2022-03-03,174
2022-03-04,156
2022-03-05,155
2022-03-06,196
2022-03-07,208
2022-03-08,180
2022-03-09,203
2022-03-10,191
2022-03-11,172
2022-03-12,193
2022-03-13,217
2022-03-14,186
2022-03-15,219
2022-03-16,136
2022-03-17,206
2022-03-18,192
2022-03-19,185
2022-03-20,194
2022-03-21,153
2022-03-22,189
2022-03-23,201
2022-03-24,224
2022-03-25,185
2022-03-26,180
2022-03-27,186
2022-03-28,215
2022-03-29,204
2022-03-30,188
2022-03-31,209
2022-04-01,201
2022-04-02,219
2022-04-03,186
2022-04-04,194
2022-04-05,194
2022-04-06,173
2022-04-07,208
2022-04-08,208
2022-04-09,203
2022-04-10,199
2022-04-11,176
2022-04-12,196
2022-04-13,198
2022-04-14,189
2022-04-15,202
2022-04-16,214
2022-04-17,244
2022-04-18,210
2022-04-19,212
2022-04-20,206
2022-04-21,169
2022-04-22,207
2022-04-23,209
2022-04-24,258
2022-04-25,205
2022-04-26,215
2022-04-27,208
2022-04-28,186
2022-04-29,232
2022-04-30,224
2022-05-01,225
2022-05-02,191
2022-05-03,238
2022-05-04,182
2022-05-05,222
2022-05-06,254
2022-05-07,190
2022-05-08,199
2022-05-09,212
2022-05-10,200
2022-05-11,179
2022-05-12,211
2022-05-13,189
2022-05-14,220
2022-05-15,192
2022-05-16,241
2022-05-17,194
2022-05-18,203
2022-05-19,226
2022-05-20,185
2022-05-21,214
2022-05-22,236
2022-05-23,177
2022-05-24,213
2022-05-25,214
2022-05-26,225
2022-05-27,184
2022-05-28,182
2022-05-29,219
2022-05-30,214
2022-05-31,213
2022-06-01,215
2022-06-02,194
2022-06-03,212
2022-06-04,213
2022-06-05,193
2022-06-06,244
2022-06-07,216
2022-06-08,183
2022-06-09,219
2022-06-10,186
2022-06-11,221
2022-06-12,229
2022-06-13,189
2022-06-14,224
2022-06-15,213
2022-06-16,221
2022-06-17,242
2022-06-18,199
2022-06-19,188
2022-06-20,185
2022-06-21,187
2022-06-22,201
2022-06-23,209
2022-06-24,208
2022-06-25,218
2022-06-26,202
2022-06-27,230
2022-06-28,195
2022-06-29,255
2022-06-30,213
2022-07-01,183
2022-07-02,178
2022-07-03,209
2022-07-04,194
2022-07-05,213
2022-07-06,208
2022-07-07,197
2022-07-08,181
2022-07-09,167
2022-07-10,188
2022-07-11,214
2022-07-12,201
2022-07-13,171
2022-07-14,199
2022-07-15,203
2022-07-16,178
2022-07-17,198
2022-07-18,196
2022-07-19,172
2022-07-20,201
2022-07-21,205
2022-07-22,215
2022-07-23,214
2022-07-24,166
2022-07-25,174
2022-07-26,203
2022-07-27,203
2022-07-28,203
2022-07-29,269
2022-07-30,203
2022-07-31,214
2022-08-01,210
2022-08-02,204
2022-08-03,185
2022-08-04,206
2022-08-05,175
2022-08-06,186
2022-08-07,181
2022-08-08,192
2022-08-09,236
2022-08-10,153
2022-08-11,204
2022-08-12,157
2022-08-13,180
2022-08-14,211
2022-08-15,191
2022-08-16,168
2022-08-17,175
2022-08-18,203
2022-08-19,175
2022-08-20,194
2022-08-21,190
2022-08-22,176
2022-08-23,232
2022-08-24,202
2022-08-25,149
2022-08-26,193
2022-08-27,176
2022-08-28,206
2022-08-29,174
2022-08-30,187
2022-08-31,200
2022-09-01,207
2022-09-02,166
2022-09-03,183
2022-09-04,181
2022-09-05,177
2022-09-06,226
2022-09-07,199
2022-09-08,166
2022-09-09,210
2022-09-10,234
2022-09-11,212
2022-09-12,162
2022-09-13,183
2022-09-14,218
2022-09-15,179
2022-09-16,202
2022-09-17,209
2022-09-18,175
2022-09-19,193
2022-09-20,130
2022-09-21,175
2022-09-22,190
2022-09-23,171
2022-09-24,229
2022-09-25,168
2022-09-26,188
2022-09-27,200
2022-09-28,227
2022-09-29,170
2022-09-30,223
2022-10-01,200
2022-10-02,181
2022-10-03,210
2022-10-04,205
2022-10-05,190
2022-10-06,204
2022-10-07,196
2022-10-08,206
2022-10-09,218
2022-10-10,237
2022-10-11,181
2022-10-12,249
2022-10-13,168
2022-10-14,205
2022-10-15,221
2022-10-16,215
2022-10-17,198
2022-10-18,207
2022-10-19,202
2022-10-20,201
2022-10-21,231
2022-10-22,222
2022-10-23,202
2022-10-24,234
2022-10-25,223
2022-10-26,234
2022-10-27,232
2022-10-28,203
2022-10-29,210
2022-10-30,237
2022-10-31,235
2022-11-01,223
2022-11-02,227
2022-11-03,251
2022-11-04,215
2022-11-05,239
2022-11-06,225
2022-11-07,226
2022-11-08,253
2022-11-09,249
2022-11-10,249
2022-11-11,260
2022-11-12,236
2022-11-13,250
2022-11-14,231
2022-11-15,245
2022-11-16,237
2022-11-17,243
2022-11-18,254
2022-11-19,227
2022-11-20,287
2022-11-21,226
2022-11-22,223
2022-11-23,271
2022-11-24,265
2022-11-25,263
2022-11-26,265
2022-11-27,253
2022-11-28,237
2022-11-29,257
2022-11-30,244
2022-12-01,278
2022-12-02,257
2022-12-03,244
2022-12-04,256
2022-12-05,272
2022-12-06,254
2022-12-07,250
2022-12-08,273
2022-12-09,274
2022-12-10,260
2022-12-11,262
2022-12-12,278
2022-12-13,245
2022-12-14,248
2022-12-15,263
2022-12-16,274
2022-12-17,286
2022-12-18,311
2022-12-19,300
2022-12-20,281
2022-12-21,285
2022-12-22,267
2022-12-23,288
2022-12-24,284
2022-12-25,298
2022-12-26,276
2022-12-27,304
2022-12-28,326
2022-12-29,295
2022-12-30,306
2022-12-31,313
2023-01-01,293
2023-01-02,307
2023-01-03,304
2023-01-04,307
2023-01-05,291
2023-01-06,309
2023-01-07,320
2023-01-08,340
2023-01-09,332
2023-01-10,357
2023-01-11,300
2023-01-12,334
2023-01-13,322
2023-01-14,363
2023-01-15,305
2023-01-16,305
2023-01-17,311
2023-01-18,282
2023-01-19,316
2023-01-20,312
2023-01-21,332
2023-01-22,337
2023-01-23,369
2023-01-24,352
2023-01-25,323
2023-01-26,318
2023-01-27,347
2023-01-28,312
2023-01-29,376
2023-01-30,364
2023-01-31,333
2023-02-01,309
2023-02-02,372
2023-02-03,344
2023-02-04,372
2023-02-05,317
2023-02-06,338
2023-02-07,351
2023-02-08,353
2023-02-09,344
2023-02-10,367
2023-02-11,334
2023-02-12,354
2023-02-13,361
2023-02-14,370
2023-02-15,375
2023-02-16,339
2023-02-17,332
2023-02-18,389
2023-02-19,372
2023-02-20,351
2023-02-21,398
2023-02-22,371
2023-02-23,393
2023-02-24,372
2023-02-25,413
2023-02-26,408
2023-02-27,369
2023-02-28,394
2023-03-01,388
2023-03-02,404
2023-03-03,358
2023-03-04,392
2023-03-05,401
2023-03-06,345
2023-03-07,358
2023-03-08,341
2023-03-09,378
2023-03-10,398
2023-03-11,415
2023-03-12,387
2023-03-13,419
2023-03-14,360
2023-03-15,354
2023-03-16,388
2023-03-17,397
2023-03-18,390
2023-03-19,350
2023-03-20,390
2023-03-21,367
2023-03-22,407
2023-03-23,401
2023-03-24,376
2023-03-25,385
2023-03-26,375
2023-03-27,395
2023-03-28,416
2023-03-29,378
2023-03-30,409
2023-03-31,388
2023-04-01,384
2023-04-02,398
2023-04-03,380
2023-04-04,390
2023-04-05,378
2023-04-06,442
2023-04-07,403
2023-04-08,389
2023-04-09,408
2023-04-10,402
2023-04-11,400
2023-04-12,417
2023-04-13,420
2023-04-14,395
2023-04-15,394
2023-04-16,401
2023-04-17,361
2023-04-18,377
2023-04-19,435
2023-04-20,440
2023-04-21,403
2023-04-22,420
2023-04-23,415
2023-04-24,470
2023-04-25,431
2023-04-26,406
2023-04-27,390
2023-04-28,377
2023-04-29,414
2023-04-30,394
2023-05-01,381
2023-05-02,397
2023-05-03,388
2023-05-04,444
2023-05-05,428
2023-05-06,410
2023-05-07,440
2023-05-08,412
2023-05-09,393
2023-05-10,441
2023-05-11,421
2023-05-12,390
2023-05-13,407
2023-05-14,393
2023-05-15,383
2023-05-16,429
2023-05-17,448
2023-05-18,382
2023-05-19,421
2023-05-20,397
2023-05-21,400
2023-05-22,398
2023-05-23,392
2023-05-24,411
2023-05-25,393
2023-05-26,415
2023-05-27,408
2023-05-28,404
2023-05-29,391
2023-05-30,397
2023-05-31,424
2023-06-01,418
2023-06-02,389
2023-06-03,410
2023-06-04,423
2023-06-05,374
2023-06-06,418
2023-06-07,394
2023-06-08,418
2023-06-09,391
2023-06-10,370
2023-06-11,373
2023-06-12,407
2023-06-13,411
2023-06-14,387
2023-06-15,418
2023-06-16,371
2023-06-17,403
2023-06-18,380
2023-06-19,391
2023-06-20,404
2023-06-21,386
2023-06-22,395
2023-06-23,423
2023-06-24,391
2023-06-25,419
2023-06-26,379
2023-06-27,412
2023-06-28,430
2023-06-29,351
2023-06-30,384
2023-07-01,412
2023-07-02,396
2023-07-03,407
2023-07-04,387
2023-07-05,401
2023-07-06,395
2023-07-07,422
2023-07-08,403
2023-07-09,404
2023-07-10,389
2023-07-11,387
2023-07-12,388
2023-07-13,404
2023-07-14,388
2023-07-15,402
2023-07-16,437
2023-07-17,413
2023-07-18,388
2023-07-19,419
2023-07-20,386
2023-07-21,353
2023-07-22,374
2023-07-23,356
2023-07-24,386
2023-07-25,394
2023-07-26,426
2023-07-27,399
2023-07-28,388
2023-07-29,409
2023-07-30,348
2023-07-31,397
2023-08-01,407
2023-08-02,362
2023-08-03,414
2023-08-04,398
2023-08-05,383
2023-08-06,403
2023-08-07,436
2023-08-08,394
2023-08-09,395
2023-08-10,381
2023-08-11,373
2023-08-12,407
2023-08-13,373
2023-08-14,391
2023-08-15,380
2023-08-16,399
2023-08-17,396
2023-08-18,410
2023-08-19,379
2023-08-20,384
2023-08-21,370
2023-08-22,381
2023-08-23,397
2023-08-24,405
2023-08-25,371
2023-08-26,407
2023-08-27,417
2023-08-28,398
2023-08-29,427
2023-08-30,374
2023-08-31,365
2023-09-01,355
2023-09-02,420
2023-09-03,403
2023-09-04,389
2023-09-05,396
2023-09-06,368
2023-09-07,440
2023-09-08,394
2023-09-09,394
2023-09-10,406
2023-09-11,402
2023-09-12,397
2023-09-13,377
2023-09-14,402
2023-09-15,431
2023-09-16,420
2023-09-17,426
2023-09-18,384
2023-09-19,375
2023-09-20,392
2023-09-21,396
2023-09-22,418
2023-09-23,362
2023-09-24,427
2023-09-25,394
2023-09-26,389
2023-09-27,378
2023-09-28,365
2023-09-29,415
2023-09-30,401
2023-10-01,374
2023-10-02,375
2023-10-03,394
2023-10-04,435
2023-10-05,397
2023-10-06,373
2023-10-07,399
2023-10-08,399
2023-10-09,351
2023-10-10,405
2023-10-11,402
2023-10-12,421
2023-10-13,445
2023-10-14,431
2023-10-15,404
2023-10-16,388
2023-10-17,462
2023-10-18,413
2023-10-19,413
2023-10-20,413
2023-10-21,418
2023-10-22,412
2023-10-23,404
2023-10-24,406
2023-10-25,417
2023-10-26,407
2023-10-27,405
2023-10-28,422
2023-10-29,416
2023-10-30,452
2023-10-31,370
2023-11-01,446
2023-11-02,450
2023-11-03,385
2023-11-04,420
2023-11-05,421
2023-11-06,401
2023-11-07,415
2023-11-08,409
2023-11-09,467
2023-11-10,452
2023-11-11,460
2023-11-12,450
2023-11-13,414
2023-11-14,427
2023-11-15,449
2023-11-16,416
2023-11-17,456
2023-11-18,438
2023-11-19,436
2023-11-20,459
2023-11-21,455
2023-11-22,440
2023-11-23,472
2023-11-24,428
2023-11-25,463
2023-11-26,464
2023-11-27,447
2023-11-28,461
2023-11-29,431
2023-11-30,476
2023-12-01,455
2023-12-02,450
2023-12-03,482
2023-12-04,449
2023-12-05,436
2023-12-06,434
2023-12-07,479
2023-12-08,442
2023-12-09,504
2023-12-10,429
2023-12-11,506
2023-12-12,478
2023-12-13,473
2023-12-14,465
2023-12-15,485
2023-12-16,478
2023-12-17,502
2023-12-18,484
2023-12-19,486
2023-12-20,477
2023-12-21,485
2023-12-22,493
2023-12-23,454
2023-12-24,463
2023-12-25,506
2023-12-26,496
2023-12-27,490
2023-12-28,496
2023-12-29,504
2023-12-30,488
2023-12-31,484
